years,year_count,query,strategy,median_seconds,min_seconds,max_seconds,repetitions
2024,1,count,parquet,0.026377900008810684,0.025673500000266358,0.027358499995898455,3
2024,1,count,duckdb_table,0.01242320000892505,0.011389899998903275,0.012853899999754503,3
2024,1,summary,parquet,0.3879134000162594,0.38279340000008233,0.4321045000106096,3
2024,1,summary,duckdb_table,0.27115950000006706,0.2682147999876179,0.29369900000165217,3
2024,1,monthly,parquet,0.33237009998993017,0.3075519000121858,0.355452099989634,3
2024,1,monthly,duckdb_table,0.4329775999940466,0.40146359999198467,0.46910590000334196,3
2024+2025,2,count,parquet,0.05548699997598305,0.051425799989374354,0.057934299984481186,3
2024+2025,2,count,duckdb_table,0.022212699986994267,0.021444199985126033,0.02955949999159202,3
2024+2025,2,summary,parquet,0.7938956999860238,0.780297099991003,0.8106130999804009,3
2024+2025,2,summary,duckdb_table,0.5673796999908518,0.5404694000026211,0.5727209000033326,3
2024+2025,2,monthly,parquet,0.6001175999990664,0.5894317999773193,0.607529999979306,3
2024+2025,2,monthly,duckdb_table,0.7668586000218056,0.7582469999906607,0.7973655999812763,3
2024+2025+2026,3,count,parquet,0.05504759997711517,0.05216859999927692,0.056045300007099286,3
2024+2025+2026,3,count,duckdb_table,0.030610299989348277,0.026812199997948483,0.031154099997365847,3
2024+2025+2026,3,summary,parquet,1.2200587000115775,1.144712100009201,1.224825100012822,3
2024+2025+2026,3,summary,duckdb_table,0.8890982000157237,0.7934394000039902,0.9304115000122692,3
2024+2025+2026,3,monthly,parquet,0.9323336000088602,0.8432440999895334,1.0676885999855585,3
2024+2025+2026,3,monthly,duckdb_table,1.2690263999975286,1.2608049999980722,1.272940099996049,3
