years,query,duckdb_table,parquet,table_speedup
2024,count,0.01242320000892505,0.026377900008810684,2.1232774156304597
2024,monthly,0.4329775999940466,0.33237009998993017,0.7676380948910526
2024,summary,0.27115950000006706,0.3879134000162594,1.4305727810243176
2024+2025,count,0.022212699986994267,0.05548699997598305,2.4979853871195843
2024+2025,monthly,0.7668586000218056,0.6001175999990664,0.7825661731928182
2024+2025,summary,0.5673796999908518,0.7938956999860238,1.399231766661416
2024+2025+2026,count,0.030610299989348277,0.05504759997711517,1.798335854149438
2024+2025+2026,monthly,1.2690263999975286,0.9323336000088602,0.7346841641834054
2024+2025+2026,summary,0.8890982000157237,1.2200587000115775,1.3722429085898507
