file_year,file_month,taxi_type,trips,avg_distance_miles,avg_duration_minutes,avg_total_usd,revenue_usd
2024,1,green,56290,30.497780245159106,18.246118315864273,22.506434535441237,1266887.1999999871
2024,1,yellow,2928225,3.660433105379586,15.646670593960506,27.42433115968962,80304612.11008213
2024,2,green,53356,17.73692424469603,18.559074893170404,22.727603081190498,1212653.9900000002
2024,2,yellow,2970630,3.8714433335688923,16.014606329297152,27.257657328605344,80972414.5900749
2024,3,green,57224,13.576929609953904,18.1527505941563,23.02526439955246,1317597.72999999
2024,3,yellow,3537172,4.533390635230538,16.700756423493118,27.791977054018066,98305003.06011519
2024,4,green,56187,12.148998522789952,18.4672255147988,23.51303682346428,1321126.9999999874
2024,4,yellow,3469425,5.308379561454666,17.06278504363115,28.182891401343237,97778428.00010526
2024,5,green,60722,14.675285728401548,20.421988735548894,24.70568970060247,1500178.8899999831
2024,5,yellow,3673673,5.3948989825713785,18.05350285667777,29.109246500737086,106937852.92010231
2024,6,green,54513,14.047296057821045,19.50778713334434,24.9945708363141,1362529.0399999905
2024,6,yellow,3489233,5.2468343701895845,17.601546815589558,28.703961930920247,100154811.20011064
2024,7,green,51599,11.335339250760695,18.819783329134285,24.897462935327905,1284684.1899999846
2024,7,yellow,3025430,5.119221317300189,17.240582991508646,29.041184294483653,87862070.20005968
2024,8,green,51536,19.797022663769006,20.392735175411364,26.114902592362302,1345857.6199999836
2024,8,yellow,2925202,4.961551321925628,17.376269741371708,29.32452431663314,85780157.1800639
2024,9,green,54216,18.48719455511287,20.770381437214105,26.81497971078627,1453800.9399999885
2024,9,yellow,3575734,5.776048176401865,18.643586743309207,29.443725123316955,105282929.01009864
2024,10,green,55942,11.439455507489896,20.72516177469522,25.133940867326697,1406042.9199999901
2024,10,yellow,3771327,5.149430794518317,18.293833974089228,29.356735592033456,110713849.57009676
2024,11,green,52036,27.233858674763596,21.530113767391807,24.28764124836664,1263831.7000000065
2024,11,yellow,3583944,5.3722752057506415,17.842237490317927,28.591769171086632,102471299.5701009
2024,12,green,53752,13.549778240809573,20.73024259562435,24.107839522250384,1295844.5900000026
2024,12,yellow,3596631,5.1191215139943225,18.730546725532868,29.428994367257673,105845233.44010434
2025,1,green,48119,21.623751740476695,20.031422099378624,22.745114611691704,1094472.1699999932
2025,1,yellow,3410102,5.874479839605293,15.049175361909995,26.57160128054093,90611870.66997518
2025,2,green,46199,15.36176995173058,20.52260871447434,23.020770146539697,1063536.5599999875
2025,2,yellow,3517185,6.070668409537089,15.443740377603111,25.849875721628376,90918795.1399755
2025,3,green,51007,15.63918168094576,20.52361440586586,24.13069657105846,1230834.439999979
2025,3,yellow,4054282,6.654294227682333,16.093891594121967,27.1925336274011,110246199.61996698
2025,4,green,51646,18.12017600588623,21.999922549665026,24.772595360724548,1279405.45999998
2025,4,yellow,3863153,7.080071187964287,16.776944894494214,27.647428745373862,106806247.29997727
2025,5,green,54892,20.155796655250295,21.802794578444946,25.522737010857355,1400994.079999982
2025,5,yellow,4415006,7.6762917490927824,18.13994952668241,28.14935681174293,124279579.2199859
2025,6,green,48916,10.19573472892304,19.764453348597595,25.96382942186565,1270046.6799999801
2025,6,yellow,4180102,7.617552940095316,17.697063133866113,28.434616545236953,118859597.48997808
2025,7,green,48034,21.466768538951637,21.432631053004123,25.794100012490972,1238993.7999999914
2025,7,yellow,3766415,7.2307011229499825,17.348487620190554,28.01256805210592,105506956.49997252
2025,8,green,46133,13.644153642728627,21.62876899399562,27.982870396461852,1290933.7599999746
2025,8,yellow,3438276,7.173637229819966,17.474539274915685,27.784849124960857,95531979.90997392
2025,9,green,48724,20.620297594614556,20.811427633199244,27.722180239717645,1350735.5100000026
2025,9,yellow,4115311,6.949640294499181,18.849010682303234,28.850125118122506,118727237.24998584
2025,10,green,49256,19.051201274971636,21.263825726815007,26.0816546207569,1284677.9800000018
2025,10,yellow,4251968,6.630611897830627,18.91643916417057,28.189588491726447,119861228.19998911
2025,11,green,46727,27.690195604254576,21.264408158024267,25.323370428231836,1183285.129999989
2025,11,yellow,3992412,6.4248832835880965,18.590284770209088,26.857982247321058,107228130.61999156
2025,12,green,48022,25.818707675648554,22.054516679855066,25.08485194285928,1204624.7599999884
2025,12,yellow,4198072,6.960784619700394,19.199228121861655,31.660358759930563,132912465.62001923
2026,1,green,40119,12.598041825568933,20.14544230913034,24.305530795882056,975113.5899999923
2026,1,yellow,3639797,6.531131966973911,17.400416286952268,29.87655312096176,108744588.42001724
2026,2,green,37240,21.57017964554249,20.774033297529538,24.35910955961322,907133.2399999963
2026,2,yellow,3331945,6.30659269885784,18.04433566580481,30.644021497956153,102104194.21000752
2026,3,green,44059,12.288814317165608,21.81658684945187,25.01025511246265,1101926.829999992
2026,3,yellow,3881986,6.040541441931025,17.498977327584385,30.46278845416005,118256118.30001096
2026,4,green,44045,11.424322397547959,21.508321035304803,25.553871040980624,1125520.2499999916
2026,4,yellow,3766830,5.221127396245027,18.243630054979917,30.271377678313684,114027133.58000234
2026,5,green,44768,14.438665788062924,22.129467476769122,26.046920568262625,1166068.5399999812
2026,5,yellow,4023862,4.990154726975335,19.00497482269521,30.73627977302656,123678548.2000502
2026,6,green,44022,17.83499477533962,20.96136022897642,26.376585116532627,1161150.0299999993
2026,6,yellow,3773102,5.23983777803962,17.774373711603875,30.782126430723835,116144102.80001697
2026,7,green,41086,8.51321618069416,19.996032711872658,26.369666066299676,1083424.0999999885
2026,7,yellow,3473058,5.591390549768256,17.471917255628902,30.334050680987133,105351917.39000781
2026,8,green,40501,9.011085899113583,18.9614083602874,26.738665218142557,1082942.6799999918
2026,8,yellow,3278995,4.940673404502779,17.392548021573685,30.39123218547271,99652698.3800041
