taxi_type,pickup_hour,trips
green,0,27034
green,1,18220
green,2,13024
green,3,10199
green,4,9576
green,5,10766
green,6,27659
green,7,60394
green,8,78028
green,9,84252
green,10,83472
green,11,83327
green,12,88632
green,13,88880
green,14,100170
green,15,108955
green,16,118543
green,17,126411
green,18,119992
green,19,93604
green,20,72054
green,21,63007
green,22,53498
green,23,41191
yellow,0,3573384
yellow,1,2348047
yellow,2,1545362
yellow,3,1057478
yellow,4,828141
yellow,5,899083
yellow,6,1813030
yellow,7,3337667
yellow,8,4534146
yellow,9,4851078
yellow,10,5063966
yellow,11,5464183
yellow,12,5949348
yellow,13,6213925
yellow,14,6682264
yellow,15,6924175
yellow,16,7099031
yellow,17,7920665
yellow,18,8328983
yellow,19,7336295
yellow,20,6727782
yellow,21,6912210
yellow,22,6444626
yellow,23,5063616
